INSERT INTO 顧客.顧客 (顧客番号, 顧客名称, 個人法人区分)
VALUES ('a4162efe-f43a-40fb-85db-3a1032757f6a', '蒲田 康子', '個人'),
       ('8bf03626-efa4-40ee-b1dc-c020c549218f', '和田 昌史', '個人'),
       ('a3081bf2-64f5-41bf-a7a6-16c2135856ae', '大城 泰博', '個人'),
       ('2802bfed-dc68-4bd1-b5be-d1ca3613fd05', '小川 奈菜', '個人'),
       ('7be19df5-fe46-4054-a1b2-9a0214cc6885', '末松 彩子', '個人'),
       ('7bddd753-c72c-44ee-99b5-f6fd39e6b537', '松井 由紀', '個人'),
       ('af5b9317-6da9-452a-ac1d-9a74a0fb94bd', '河合 良美', '個人'),
       ('c03dac82-8e3e-4e87-95f6-a2730e09dc26', '山根 由美子', '個人')
       ;


INSERT INTO 受注.受注 (受注番号, 顧客番号, 受注日)
VALUES ('e6707ec5-d767-42f7-bd45-5ebfb4555be5', 'a4162efe-f43a-40fb-85db-3a1032757f6a', '2023-01-10'),
       ('9be70cad-7fd9-4589-8913-a9d5cf7d128e', '8bf03626-efa4-40ee-b1dc-c020c549218f', '2023-01-10')
;

INSERT INTO 商品.商品 (商品コード, 商品名称, 商品単価)
VALUES ('1118549', 'アルパイン テックグローブ', 19690),
       ('1324503', 'アウトドアサプリメント アミノサミット3500', 194),
       ('1121389', 'ドライ シームレス ダウンハガー900 #1', 69850),
       ('1124310', 'ウォータープルーフマッチ', 825),
       ('1899162', 'フロンティアーズマン ベアスプレー272mL', 11880),
       ('1124576', 'アルパインスノーショベル', 6600),
       ('1124786', 'アバランチゾンデ 240', 6490),
       ('1124787', 'アバランチ BEACON', 34500),
       ('1124306', 'エマージェンシーシート', 429),
       ('1124247', 'エマージェンシーコール', 770),
       ('1150109', 'トイレキット セット', 715),
       ('1150101', 'ロールペーパーキット', 1980)
;


INSERT INTO 商品.セット商品 (商品コード, 商品名称, 商品単価)
VALUES ('2145346', 'アバランチセット', 39890),
       ('2191829', 'エマージェンシーキット', 2480)
;

INSERT INTO 商品.セット商品組合せ (セット商品コード, 商品コード)
VALUES ('2145346', '1124576'),
       ('2145346', '1124786'),
       ('2145346', '1124787'),
       ('2191829', '1124306'),
       ('2191829', '1124247'),
       ('2191829', '1150109'),
       ('2191829', '1150101')
       ;


INSERT INTO 受注.受注明細 (受注番号, 受注明細番号, 商品コード, 受注数量)
VALUES ('e6707ec5-d767-42f7-bd45-5ebfb4555be5', '590d65c8-31a8-43e3-9469-2d67af1e6a85', '1118549', 2),
       ('e6707ec5-d767-42f7-bd45-5ebfb4555be5', '958cdfab-b6fe-4c60-a82f-a8ac56c9da89', '1121389', 1),
       ('9be70cad-7fd9-4589-8913-a9d5cf7d128e', '9b1facac-fae4-40f3-bc1d-e45c1f7a8a99', '1324503', 3),
       ('9be70cad-7fd9-4589-8913-a9d5cf7d128e', '93ba3c21-5e71-4ee5-a54b-433af662b12c', '1899162', 7),
       ('9be70cad-7fd9-4589-8913-a9d5cf7d128e', '69699ef5-bb61-412a-9f25-cce45ba142c1', '1124310', 5)
;


INSERT INTO 受注.消費税 (受注番号, 税率区分, 計算方式)
VALUES ('e6707ec5-d767-42f7-bd45-5ebfb4555be5', '通常税率', '総額計算'),
       ('9be70cad-7fd9-4589-8913-a9d5cf7d128e', '軽減税率', '積上計算');


INSERT INTO 倉庫.倉庫 (倉庫コード, 倉庫名称, 倉庫住所)
VALUES ('754321', '東日本倉庫', '千葉県'),
       ('987650', '西日本倉庫', '奈良県'),
       ('254i63', '中日本倉庫', '静岡県')
;

INSERT INTO 在庫._在庫 (商品コード, 倉庫コード, 在庫数量)
VALUES ('1118549', '754321', 1),
       ('1118549', '987650', 0),
       ('1118549', '254i63', 0),
       ('1324503', '754321', 9),
       ('1324503', '987650', 91),
       ('1324503', '254i63', 19),
       ('1121389', '754321', 9),
       ('1121389', '987650', 91),
       ('1121389', '254i63', 19),
       ('1124310', '754321', 9),
       ('1124310', '987650', 91),
       ('1124310', '254i63', 19),
       ('1899162', '754321', 9),
       ('1899162', '987650', 91),
       ('1899162', '254i63', 19),
       ('1124576', '754321', 9),
       ('1124576', '987650', 91),
       ('1124576', '254i63', 19),
       ('1124786', '754321', 11),
       ('1124786', '987650', 21),
       ('1124786', '254i63', 9),
       ('1124787', '754321', 9),
       ('1124787', '987650', 91),
       ('1124787', '254i63', 19),
       ('1124306', '754321', 9),
       ('1124306', '987650', 91),
       ('1124306', '254i63', 19),
       ('1124247', '754321', 9),
       ('1124247', '987650', 91),
       ('1124247', '254i63', 19),
       ('1150109', '754321', 9),
       ('1150109', '987650', 91),
       ('1150109', '254i63', 19),
       ('1150101', '754321', 9),
       ('1150101', '987650', 91),
       ('1150101', '254i63', 19)
;
