INSERT INTO 顧客.顧客 (顧客ID, 顧客番号, 顧客名, 顧客名カナ)
VALUES ('a4162efe-f43a-40fb-85db-3a1032757f6a', '99123450', 'アナハイム・エレクトロニクス', 'アナハイム・エレクトロニクス'),
       ('8bf03626-efa4-40ee-b1dc-c020c549218f', '99123451', 'モルサ社', 'モルサシャ'),
       ('a3081bf2-64f5-41bf-a7a6-16c2135856ae', '99123452', 'アイランド・テクノモータ', 'アイランド・テクノモータ'),
       ('2802bfed-dc68-4bd1-b5be-d1ca3613fd05', '99123453', 'Q・B・A', 'キュービーエー'),
       ('7be19df5-fe46-4054-a1b2-9a0214cc6885', '99123454', 'スライドホイッスル', 'スライドホイッスル'),
       ('7bddd753-c72c-44ee-99b5-f6fd39e6b537', '99123455', '監査法人 FW&A', 'カンサホウジン エフダブリューアンドエー'),
       ('af5b9317-6da9-452a-ac1d-9a74a0fb94bd', '99123456', 'ミラージェス・ノース・オートマトン', 'ミラージェス・ノース・オートマトン'),
       ('c03dac82-8e3e-4e87-95f6-a2730e09dc26', '99123457', 'ヴェストバリ農林', 'ヴェストバリノウリン'),
       ('9e27b3dd-cff3-484a-a5f6-a6d5481780ca', '99123458', '登倉宮牟礼事務所', 'トクラミヤムレジムショ'),
       ('c7e27889-ee54-4e58-b8ee-7d26802bb7d2', '99123459', 'パベル&ヒスル＝ランダ技研工業', 'パベルアンドヒスル＝ランダギケンコウギョウ'),
       ('bd843ee3-7390-42c9-8873-3e162d248016', '99123460', 'ボト＝ゼ・ルゾン社', 'ボト＝ゼ・ルゾンシャ'),
       ('16f32f0c-763b-4f37-ba2c-b3c8761247f3', '99123461', 'アウタモヘボト会', 'アウタモヘボトカイ'),
       ('e8b24387-d92c-4cf5-bce1-bb341c4bfcde', '99123462', '志尾商店', 'シオショウカイ'),
       ('9acb5cd9-c3e5-4690-a015-71feec8c2229', '99123463', 'コンチネント・モビリティ', 'コンチネント・モビリティ'),
       ('7964b766-608c-4d30-812f-592f61fac845', '99123464', 'クラハト・オーシャン・スタジオ', 'クラハト・オーシャン・スタジオ'),
       ('2d134b88-249c-4938-9ba7-654db067ffef', '99123465', 'トゴレニザデ・コーポレーション', 'トゴレニザデ・コーポレーション'),
       ('3100409b-4eda-4c75-9e57-3da478d1c0ac', '99123466', 'スター・マシンツール', 'スター・マシンツール'),
       ('fbf45514-60a9-4e50-a93d-66185c2eaa25', '99123467', 'サイバーダイン社', 'サイバーダインシャ'),
       ('1231974b-1a71-49e6-91df-281e59a396a5', '99123468', 'ストック&ウェスティングハウス貿易', 'ストック&ウェスティングハウスボウエキ'),
       ('d149ab58-5a05-4502-911b-48c34df00a1e', '99123469', 'ディープシー・トラベル', 'ディープシー・トラベル')
;


INSERT INTO 顧客.連絡先 (顧客ID, 都道府県, 住所, 電話番号, 担当者名)
VALUES ('a4162efe-f43a-40fb-85db-3a1032757f6a', '東京都', '足立区千住3-5-15', '04-9833-9149', '宮本 麻衣子'),
       ('8bf03626-efa4-40ee-b1dc-c020c549218f', '神奈川県', '平塚市真田1-1-8', '0969-07-8828', '中山 洋介'),
       ('a3081bf2-64f5-41bf-a7a6-16c2135856ae', '広島県', '福山市引野町1-3-9ガーデンズ816', '0858-28-4457', '川田 匡'),
       ('2802bfed-dc68-4bd1-b5be-d1ca3613fd05', '茨城県', '龍ケ崎市中根台2-5-106', '0846-49-1265', '大坂 悟'),
       ('7be19df5-fe46-4054-a1b2-9a0214cc6885', '高知県', '高知市本町2-2-9', '095-826-0581', '小杉 洋光'),
       ('7bddd753-c72c-44ee-99b5-f6fd39e6b537', '東京都', '世田谷区瀬田2-1-17ハイツ614', '0533-59-5186', '上杉 沙織'),
       ('af5b9317-6da9-452a-ac1d-9a74a0fb94bd', '熊本県', '熊本市東区御領4-3-3', '0174-42-0302', '井上 一浩'),
       ('c03dac82-8e3e-4e87-95f6-a2730e09dc26', '大阪府', '高石市千代田1-2-4グルーブ410', '0254-28-5432', '阿部 清子'),
       ('9e27b3dd-cff3-484a-a5f6-a6d5481780ca', '奈良県', '奈良市大安寺3-2-9', '0857-00-9354', '吉野 大樹'),
       ('c7e27889-ee54-4e58-b8ee-7d26802bb7d2', '北海道', '札幌市中央区南十条西2-5-18', '088-943-6977', '宮口 陽子'),
       ('bd843ee3-7390-42c9-8873-3e162d248016', '東京都', '中央区銀座1-5-409', '088-557-2445', '柳川 茜'),
       ('16f32f0c-763b-4f37-ba2c-b3c8761247f3', '石川県', '金沢市畝田西2-1-11', '0234-39-1541', '近藤 功一'),
       ('e8b24387-d92c-4cf5-bce1-bb341c4bfcde', '大阪府', '大阪市中央区南船場1-4-1107', '0954-53-3636', '大門 仁志'),
       ('9acb5cd9-c3e5-4690-a015-71feec8c2229', '大阪府', '大阪市北区天満2-1-4', '0883-65-9869', '鈴木 大裕'),
       ('7964b766-608c-4d30-812f-592f61fac845', '群馬県', '前橋市西片貝町3-2-21', '0985-59-3279', '下川 直樹'),
       ('2d134b88-249c-4938-9ba7-654db067ffef', '東京都', '渋谷区千駄ヶ谷3-2-501', '0587-72-4996', '白石 隆文'),
       ('3100409b-4eda-4c75-9e57-3da478d1c0ac', '埼玉県', '川口市本町1-1-6', '04-9077-5477', '徳永 啓太'),
       ('fbf45514-60a9-4e50-a93d-66185c2eaa25', '兵庫県', '神戸市兵庫区湊町2-2-4', '03-9035-6753', '高場 幸子'),
       ('1231974b-1a71-49e6-91df-281e59a396a5', '東京都', '台東区蔵前2-2-408', '096-87-4736', '小松 祥子'),
       ('d149ab58-5a05-4502-911b-48c34df00a1e', '大阪府', '大阪市中央区備後町3-3-9', '04-6356-4603', '高瀬 真由')
;

INSERT INTO 倉庫.倉庫 (倉庫コード, 倉庫名称, 倉庫住所)
VALUES ('754321', '東日本倉庫', '千葉県'),
       ('987650', '西日本倉庫', '奈良県'),
       ('254i63', '中日本倉庫', '静岡県')
;

INSERT INTO 商品.商品 (商品コード, 商品名称, 商品単価, 税率区分)
VALUES ('1118549', 'アルパイン テックグローブ', 19690, '通常税率'),
       ('1324503', 'アウトドアサプリメント アミノサミット3500', 194, '軽減税率'),
       ('1121389', 'ドライ シームレス ダウンハガー900 #1', 69850, '通常税率'),
       ('1124310', 'ウォータープルーフマッチ', 825, '通常税率'),
       ('1899162', 'フロンティアーズマン ベアスプレー272mL', 11880, '通常税率'),
       ('1124576', 'アルパインスノーショベル', 6600, '通常税率'),
       ('1124786', 'アバランチゾンデ 240', 6490, '通常税率'),
       ('1124787', 'アバランチ BEACON', 34500, '通常税率'),
       ('1124306', 'エマージェンシーシート', 429, '通常税率'),
       ('1124247', 'エマージェンシーコール', 770, '通常税率'),
       ('1150109', 'トイレキット セット', 715, '軽減税率'),
       ('1150101', 'ロールペーパーキット', 1980, '軽減税率')
;


INSERT INTO 商品.セット商品 (商品コード, 商品名称, 商品単価, 税率区分)
VALUES ('2145346', 'アバランチセット', 39890, '通常税率'),
       ('2191829', 'エマージェンシーキット', 2480, '通常税率')
;

INSERT INTO 商品.セット商品組合せ (セット商品コード, 商品コード)
VALUES ('2145346', '1124576'),
       ('2145346', '1124786'),
       ('2145346', '1124787'),
       ('2191829', '1124306'),
       ('2191829', '1124247'),
       ('2191829', '1150109'),
       ('2191829', '1150101')
;


INSERT INTO 受注.受注 (受注ID, 受注番号, 顧客ID, 受注日, 都道府県, 住所)
VALUES ('e6707ec5-d767-42f7-bd45-5ebfb4555be5', '12345678', 'a4162efe-f43a-40fb-85db-3a1032757f6a', '2023-01-10',
        '東京都', '千代田区1-1-1'),
       ('9be70cad-7fd9-4589-8913-a9d5cf7d128e', '09871891', '8bf03626-efa4-40ee-b1dc-c020c549218f', '2023-02-12',
        '埼玉県', 'さいたまし1-1-1'),
       ('352081d8-b028-4a7e-a278-4cb33c62b7b7', '90000000', '8bf03626-efa4-40ee-b1dc-c020c549218f', '2023-04-03',
        '埼玉県', 'さいたまし1-1-1')
;

INSERT INTO 受注.消費税計算方式 (受注ID, 計算方式)
VALUES ('e6707ec5-d767-42f7-bd45-5ebfb4555be5', '総額計算'),
       ('9be70cad-7fd9-4589-8913-a9d5cf7d128e', '積上計算'),
       ('352081d8-b028-4a7e-a278-4cb33c62b7b7', '積上計算')
;

INSERT INTO 受注.受注明細 (受注ID, 受注明細番号, 商品コード, 受注数量)
VALUES ('e6707ec5-d767-42f7-bd45-5ebfb4555be5', '590d65c8-31a8-43e3-9469-2d67af1e6a85', '1118549', 2),
       ('e6707ec5-d767-42f7-bd45-5ebfb4555be5', '958cdfab-b6fe-4c60-a82f-a8ac56c9da89', '1121389', 1),
       ('9be70cad-7fd9-4589-8913-a9d5cf7d128e', '9b1facac-fae4-40f3-bc1d-e45c1f7a8a99', '1324503', 3),
       ('9be70cad-7fd9-4589-8913-a9d5cf7d128e', '93ba3c21-5e71-4ee5-a54b-433af662b12c', '1899162', 7),
       ('9be70cad-7fd9-4589-8913-a9d5cf7d128e', '69699ef5-bb61-412a-9f25-cce45ba142c1', '1124310', 5),
       ('352081d8-b028-4a7e-a278-4cb33c62b7b7', '0b9d33d0-3498-4626-bcc7-cb179f6b785a', '1124306', 8)
;

INSERT INTO 受注.有効な受注明細 (受注ID, 受注明細番号)
VALUES ('e6707ec5-d767-42f7-bd45-5ebfb4555be5', '590d65c8-31a8-43e3-9469-2d67af1e6a85'),
       ('e6707ec5-d767-42f7-bd45-5ebfb4555be5', '958cdfab-b6fe-4c60-a82f-a8ac56c9da89'),
       ('9be70cad-7fd9-4589-8913-a9d5cf7d128e', '9b1facac-fae4-40f3-bc1d-e45c1f7a8a99'),
       ('9be70cad-7fd9-4589-8913-a9d5cf7d128e', '93ba3c21-5e71-4ee5-a54b-433af662b12c'),
       ('9be70cad-7fd9-4589-8913-a9d5cf7d128e', '69699ef5-bb61-412a-9f25-cce45ba142c1'),
       ('352081d8-b028-4a7e-a278-4cb33c62b7b7', '0b9d33d0-3498-4626-bcc7-cb179f6b785a')
;

INSERT INTO 引当.個別商品引当 (引当番号, 受注ID, 受注明細番号, 商品コード)
VALUES ('97c1ed01-e28e-44c1-8ecb-dfebbecc93b7', '9be70cad-7fd9-4589-8913-a9d5cf7d128e',
        '9b1facac-fae4-40f3-bc1d-e45c1f7a8a99', '1324503'),
       ('2de29ed2-1ec6-4f50-9377-4016eaa94a45', '9be70cad-7fd9-4589-8913-a9d5cf7d128e',
        '93ba3c21-5e71-4ee5-a54b-433af662b12c', '1899162'),
       ('e0af15cc-7698-4230-b0dc-924f00a0d528', '9be70cad-7fd9-4589-8913-a9d5cf7d128e',
        '69699ef5-bb61-412a-9f25-cce45ba142c1', '1124310'),
       ('f8e5eba6-383f-487e-a185-882df1ad04c1', '352081d8-b028-4a7e-a278-4cb33c62b7b7',
        '0b9d33d0-3498-4626-bcc7-cb179f6b785a', '1124306')
;


INSERT INTO 引当.個別商品引当明細 (引当番号, 倉庫コード, 引当数量)
VALUES ('97c1ed01-e28e-44c1-8ecb-dfebbecc93b7', '754321', 3),
       ('2de29ed2-1ec6-4f50-9377-4016eaa94a45', '754321', 7),
       ('e0af15cc-7698-4230-b0dc-924f00a0d528', '754321', 5),
       ('f8e5eba6-383f-487e-a185-882df1ad04c1', '754321', 3)
;


INSERT INTO 引当._引当完了受注 (受注ID)
VALUES ('9be70cad-7fd9-4589-8913-a9d5cf7d128e'),
       ('352081d8-b028-4a7e-a278-4cb33c62b7b7')
;


INSERT INTO 出荷指示.出荷指示 (出荷番号, 受注ID, 出荷日)
VALUES ('830e5e03-970c-411b-a64b-4cccfe0716a7', '9be70cad-7fd9-4589-8913-a9d5cf7d128e', '2023-03-29'),
       ('dcef1bea-e18f-4558-97f7-2aa0ac52ebef', '352081d8-b028-4a7e-a278-4cb33c62b7b7', '2023-04-04')
;

INSERT INTO 出荷指示.出荷指示済引当 (出荷番号, 引当番号)
VALUES ('830e5e03-970c-411b-a64b-4cccfe0716a7', '97c1ed01-e28e-44c1-8ecb-dfebbecc93b7'),
       ('830e5e03-970c-411b-a64b-4cccfe0716a7', '2de29ed2-1ec6-4f50-9377-4016eaa94a45'),
       ('830e5e03-970c-411b-a64b-4cccfe0716a7', 'e0af15cc-7698-4230-b0dc-924f00a0d528'),
       ('dcef1bea-e18f-4558-97f7-2aa0ac52ebef', 'f8e5eba6-383f-487e-a185-882df1ad04c1')
;

INSERT INTO 出荷指示._未出荷 (出荷番号)
VALUES ('830e5e03-970c-411b-a64b-4cccfe0716a7')
;

INSERT INTO 出荷指示._指示済受注 (受注ID)
VALUES ('9be70cad-7fd9-4589-8913-a9d5cf7d128e'),
       ('352081d8-b028-4a7e-a278-4cb33c62b7b7')
;


INSERT INTO 出荷指示.出荷済 (出荷番号)
VALUES ('dcef1bea-e18f-4558-97f7-2aa0ac52ebef')
;


INSERT INTO 請求._未請求受注(受注ID)
VALUES ('352081d8-b028-4a7e-a278-4cb33c62b7b7')
;


INSERT INTO 在庫._在庫 (商品コード, 倉庫コード, 在庫数量)
VALUES ('1118549', '754321', 1),
       ('1118549', '987650', 0),
       ('1118549', '254i63', 0),
       ('1324503', '754321', 9),
       ('1324503', '987650', 91),
       ('1324503', '254i63', 19),
       ('1121389', '754321', 9),
       ('1121389', '987650', 91),
       ('1121389', '254i63', 19),
       ('1124310', '754321', 9),
       ('1124310', '987650', 91),
       ('1124310', '254i63', 19),
       ('1899162', '754321', 9),
       ('1899162', '987650', 91),
       ('1899162', '254i63', 19),
       ('1124576', '754321', 9),
       ('1124576', '987650', 91),
       ('1124576', '254i63', 19),
       ('1124786', '754321', 11),
       ('1124786', '987650', 21),
       ('1124786', '254i63', 9),
       ('1124787', '754321', 9),
       ('1124787', '987650', 91),
       ('1124787', '254i63', 19),
       ('1124306', '754321', 9),
       ('1124306', '987650', 91),
       ('1124306', '254i63', 19),
       ('1124247', '754321', 9),
       ('1124247', '987650', 91),
       ('1124247', '254i63', 19),
       ('1150109', '754321', 9),
       ('1150109', '987650', 91),
       ('1150109', '254i63', 19),
       ('1150101', '754321', 9),
       ('1150101', '987650', 91),
       ('1150101', '254i63', 19)
;
